KHC-N-0000,Division,1,35,17-JAN-2012
HDFC-N-0000,Division,1,10,08-MAR-2012
SFS-N-0000,Division,1,20,02-APR-2012
REG-N-0000,Division,1,2,04-APR-2012
VFIN-N-0000,Division,1,2,8-Feb-11
BBH-N-0000,Division,1,3,8-Mar-11
NDB-N-0000,Division,1,2,5-Apr-11
SINS-N-0000,Division,1,2,6-Apr-11
HNB-X-0000,Division,2,3,6-Apr-11
HNB-N-0000,Division,2,3,6-Apr-11
MAL-N-0000,Division,1,10,8-Apr-11
MAL-X-0000,Division,1,10,8-Apr-11
ECL-N-0000,Division,1,7,18-Apr-11
CFLB-N-0000,Division,1,5,6-May-11
SHOT-N-0000,Division,1,5,6-May-11
SHOT-X-0000,Division,1,5,6-May-11
PABC-N-0000,Division,1,2,8-Jun-11
UAL-N-0000,Division,1,2,29-Jun-11
JKH-N-0000,Division,3,4,30-Jun-11
AHPL-N-0000,Division,1,2,1-Jul-11
TRAN-N-0000,Division,1,2,4-Jul-11
CARE-N-0000,Division,1,5,4-Jul-11
TSML-N-0000,Division,1,2,5-Jul-11
JKL-N-0000,Division,1,2,5-Jul-11
CCS-N-0000,Division,1,4,18-Aug-11
CFIN-N-0000,Division,1,5,25-Aug-11
COMB-X-0000,Division,1,2,15-Sep-11
COMB-N-0000,Division,1,2,15-Sep-11
EMER-N-0000,Division,1,70,20-Sep-11
MORI-N-0000,Division,1,10,28-Dec-11
MORI-X-0000,Division,1,10,28-Dec-11
 RHL-X-0000  , Division  ,1,5, 26-JAN-10  
 RHL-N-0000  , Division  ,1,5, 26-JAN-10  
 TKYO-N-0000  , Division  ,1,10, 01-FEB-10  
 SAMP-N-0000  , Division  ,10,11, 25-MAR-10  
 KCAB-N-0000  , Division  ,1,2, 31-MAR-10  
 SUN-N-0000  , Division  ,1,10, 05-APR-10  
 SEMB-N-0000  , Division  ,1,10, 21-APR-10  
 CFVF-N-0000  , Division  ,1,3, 20-MAY-10  
 ATL-N-0000  , Division  ,1,10, 16-JUN-10  
 COMB-N-0000  , Division  ,2,3, 21-JUN-10  
 COMB-X-0000  , Division  ,2,3, 21-JUN-10  
 HHL-N-0000  , Division  ,1,5, 08-JUL-10  
 TWOD-N-0000  , Division  ,1,4, 15-JUL-10  
 VLL-N-0000  , Division  ,1,10, 27-JUL-10  
 JKL-N-0000  , Division  ,1,2, 31-AUG-10  
 TRAN-N-0000  , Division  ,1,2, 06-SEP-10  
 CFT-N-0000  , Division  ,1,10, 17-SEP-10  
 WATA-N-0000  , Division  ,1,10, 27-SEP-10  
RICH-N-0000,Division,1,15, 08-OCT-10  
SPEN-N-0000,Division,1,15, 11-OCT-10  
SAMP-N-0000,Division,1,2, 12-OCT-10  
CINV-N-0000,Division,1,5, 26-OCT-10  
ELPL-N-0000,Division,1,2, 26-OCT-10  
CIND-N-0000,Division,1,3, 28-OCT-10  
TYRE-N-0000,Division,1,2, 08-NOV-10  
BOPL-N-0000,Division,2,3, 22-NOV-10  
GUAR-N-0000,Division,1,5, 22-NOV-10  
LOLC-N-0000,Division,1,10, 22-NOV-10  
AHUN-N-0000,Division,1,7, 26-NOV-10  
NHL-N-0000,Division,1,2, 29-NOV-10  
SERV-N-000,Division,1,10,11-May-09
ASIR-N-0000,Division,1,10,14-Dec-09
LLUB-N-0000,Division,1,2,18-Dec-09
