Security ID,Name,New,For,Old,Qty Offered,Qty Subscribed,Date Ex,Allotment Date,Date Of Renunciation,Cum Price,Ex Price,Issue Price
AAIC.N.0000,ASIAN ALLIANCE  ,1,:,4,"5,000,000","5,000,000",MAY-08-2002,MAY-20-2002,JUN-10-2002,10.75,10.50,10.00
AAIC-N-0000,ASIAN ALLIA,1,:,2,12500000,,25-Nov-10,24-Nov-10,14-Dec-10,66.5,65,
ABAN.N.0000,ABANS           ,3,:,10,"175,500","175,500",JAN-16-1992,FEB-06-1992,FEB-27-1992,185.00,120.00,60.00
ABAN-N-0000,ABANS,1,:,3,1064700,1064700,14-Jul-10,13-Jul-10,2-Aug-10,179.7,132.7,
ACME.N.0000,ACME            ,1,:,1,"4,472,160","4,472,160",DEC-13-1996,DEC-30-1996,JAN-20-1997,8.75,8.25,10.00
ACME.N.0000,ACME            ,1,:,2,"4,472,160","4,472,160",APR-25-2007,APR-24-2007,MAY-24-2007,16.75,15.25,14.00
ACME-N-0000,ACME,10,:,11,12196800,12196800,3-Aug-10,2-Aug-10,19-Aug-10,31.9,28.7,
AHCL.N.0000,ASSO. HOTELS    ,1,:,4,"1,040,760","1,040,760",SEP-17-1997,SEP-29-1997,OCT-20-1997,26.00,15.00,15.00
AHCL.N.0000,ASSO. HOTELS    ,3,:,4,"3,902,850","3,902,850",SEP-07-2004,SEP-17-2004,OCT-11-2004,132.00,75.00,18.00
AHOT.N.0000,ASIAN HOTELS    ,1,:,1,"29,326,009","29,326,009",JUL-30-1993,AUG-20-1993,SEP-10-1993,99.00,48.00,28.00
AHOT.N.0000,ASIAN HOTELS    ,1,:,2,"36,657,511","30,168,671",JUN-02-1994,JUN-23-1994,JUL-14-1994,50.00,29.00,30.00
AHOT.N.0000,ASIAN HOTELS    ,1,:,1,"140,141,205","24,003,938",MAR-15-1996,APR-01-1996,APR-22-1996,10.75,10.75,10.00
AHUN.N.0000,A.SPEN.HOT.HOLD.,3,:,5,"14,412,429","14,412,429",OCT-22-1999,NOV-03-1999,NOV-24-1999,44.00,43.00,40.00
AHUN-N-0000,A.SPEN.HOT.,1,:,4,9608286,9608286,31-Mar-10,30-Mar-10,23-Apr-10,409.7,385,
ALUF.N.0000,ALUFAB          ,3,:,2,"548,100","548,100",APR-03-1995,APR-20-1995,MAY-11-1995,8.00,7.00,10.00
ALUF.N.0000,ALUFAB          ,6,:,5,"1,096,200","1,096,200",JUL-16-1996,JUL-31-1996,AUG-21-1996,11.25,11.25,10.00
ALUF.N.0000,ALUFAB          ,1,:,1,"2,009,700","2,009,700",MAR-15-2001,MAR-29-2001,APR-19-2001,5.00,5.00,10.00
ALUF-N-0000,ALUFAB,2,:,1,"8,038,800","8,038,800",24-Aug-11,23-Aug-11,12-Sep-11,134.30,82.60,38.00
AMSL.N.0000,ASIRI SURG      ,1,:,8,"58,717,505","58,717,505",MAR-05-2008,MAR-04-2008,APR-04-2008,8.75,8.75,7.00
AMW .N.0000,AMW             ,1,:,3,"953,978","953,978",AUG-30-1991,AUG-30-1991,AUG-30-1991,130.00,119.75,30.00
AMW .N.0000,AMW             ,1,:,4,"953,978","953,978",MAY-13-1992,MAY-21-1992,JUN-12-1992,165.00,145.00,60.00
AMW .N.0000,AMW             ,1,:,5,"953,978","953,978",NOV-10-1993,DEC-06-1993,DEC-27-1993,201.25,208.00,100.00
ARPI.N.0000,ARPICO          ,1,:,6,"262,500","262,500",MAY-08-2008,MAY-07-2008,JUN-06-2008,63.00,60.00,55.00
ARPI-N-0000,ARPICO,10,:,7,"2,625,000","2,625,000",16-Feb-09,13-Feb-09,13-Mar-09,50.2,45, 25.00 
ASCO.N.0000,ASCOT HOLDINGS  ,1,:,5,"1,330,917","1,330,917",AUG-05-1992,AUG-26-1992,SEP-16-1992,19.75,19.00,20.00
ASHO.N.0000,LANKA ASHOK     ,1,:,10,"329,168","329,168",JUL-16-1992,SEP-04-1992,SEP-26-1992,160.00,160.00,50.00
ASIR.N.0000,ASIRI           ,1,:,5,"862,344","862,344",MAR-02-1992,MAR-23-1992,APR-20-1992,28.00,24.75,16.00
ASIR.N.0000,ASIRI           ,1,:,5,"1,207,258","1,207,258",OCT-04-1993,NOV-01-1993,NOV-22-1993,16.50,15.75,15.00
ASIR.N.0000,ASIRI           ,1,:,10,"965,806","965,664",AUG-03-1994,AUG-24-1994,SEP-14-1994,31.00,31.00,25.00
ASIR.N.0000,ASIRI           ,1,:,4,"2,655,932","2,655,932",MAY-13-1997,MAY-27-1997,JUN-17-1997,32.00,31.00,30.00
ASIR.N.0000,ASIRI           ,1,:,4,"9,485,472","9,485,472",DEC-16-2004,DEC-29-2004,FEB-03-2005,38.75,36.00,30.00
ASIR.N.0000,ASIRI           ,1,:,4,"17,785,261","17,785,261",FEB-25-2008,FEB-22-2008,MAR-26-2008,71.75,64.75,52.00
ATL .N.0000,AMANA           ,1,:,1,"12,500,009","12,500,009",MAR-23-2007,MAR-22-2007,APR-17-2007,32.50,31.25,30.00
ATL -N-0000,AMANA,1,:,1,"500,000,360","500,000,360",21-Mar-11,18-Mar-11,7-Apr-11,3.30,2.30,1.50
AUTO.N.0000,AUTODROME       ,1,:,10,"7,000","7,000",FEB-03-1992,FEB-25-1992,MAR-17-1992,140.00,139.00,100.00
AUTO.N.0000,AUTODROME       ,1,:,7,"11,000","11,000",MAY-23-1995,JUN-07-1995,JUN-28-1995,205.00,210.00,140.00
BBH .N.0000,BROWNS BEACH    ,1,:,5,"1,600,000","1,600,000",MAY-17-1994,JUN-15-1994,JUL-06-1994,40.00,35.50,25.00
BBH -N-0000,BROWNS BEAC,7,:,2,"33,600,000","33,600,000",12-Jan-11,11-Jan-11,1-Feb-11,84.90,72.50,65.00
BHR .N.0000,RIVERINA HOTEL  ,1,:,4,"2,025,957","2,025,957",JUL-27-1998,AUG-06-1998,AUG-27-1998,17.00,16.50,16.00
BHR .N.0000,RIVERINA HOTEL  ,2,:,5,"4,051,914","4,051,914",JAN-13-2004,JAN-26-2004,FEB-16-2004,42.50,40.50,20.00
BLUE.N.0000,BLUE DIAMONDS   ,1,:,5,"7,200,000","7,200,000",SEP-07-1994,SEP-29-1994,OCT-20-1994,49.00,42.00,25.00
BLUE.X.0000,BLUE DIAMONDS   ,3,:,1,"177,101,841","45,928,171",NOV-14-2002,NOV-27-2002,DEC-18-2002,,2.00,2.50
BLUE.X.0000,BLUE DIAMONDS   ,1,:,4,"26,240,529","26,238,311",OCT-25-2004,NOV-05-2004,NOV-30-2004,3.25,3.25,2.50
BLUE.X.0000,BLUE DIAMONDS   ,1,:,2,"65,589,385","30,057,291",DEC-27-2005,JAN-06-2006,JAN-27-2006,1.75,1.50,2.50
BLUE-N-0000,BLUE DIAMON,1,:,1,59033947,44266944,22-Nov-10,18-Nov-10,8-Dec-10,4,3.7,
BLUE-X-0000,BLUE DIAMON,1,:,1,102202114,51167686,22-Nov-10,18-Nov-10,8-Dec-10,1.8,1.8,
BOPL-N-0000,BOGAWANTALA,1,:,9,8375000,8375000,22-Nov-10,15-Nov-10,9-Dec-10,47.5,33.3,
BREW.N.0000,CEYLON BREWERY  ,4,:,1,"16,790,472","16,790,472",JUL-15-1996,AUG-01-1996,AUG-22-1996,81.00,35.00,30.00
CABO.N.0000,CARGO BOAT      ,1,:,2,"3,400,012","3,400,012",DEC-22-2005,JAN-04-2006,JAN-26-2006,28.00,22.75,15.00
CARG.N.0000,CARGILLS        ,1,:,6,"400,000","400,000",APR-01-1992,APR-07-1992,APR-30-1992,250.00,215.00,200.00
CARM.N.0000,CARSON MARK(D/L),1,:,1,"4,000,000","4,000,000",FEB-21-1994,MAR-25-1994,APR-15-1994,19.00,18.50,10.00
CCS .N.0000,COLD STORES     ,1,:,7,"1,350,000","1,350,000",SEP-03-1997,SEP-22-1997,OCT-13-1997,148.00,115.00,80.00
CCS -N-0000,COLD STORES,1,:,10,"2,160,000","2,160,000",1-Jul-11,30-Jun-11,21-Jul-11,600.00,495.70,300.00
CDB -N-0000,CDB,1,:,6,"6,614,175","6,614,175",26-Jul-11,25-Jul-11,12-Aug-11,74.40,72.80,70.00
CDB -X-0000,CDB,1,:,7,"5,669,293","5,669,293",26-Jul-11,25-Jul-11,12-Aug-11,,,45.00
CDIC.N.0000,CDIC            ,79,:,100,"19,355,000","19,355,000",FEB-17-2004,MAR-01-2004,MAR-22-2004,43.00,40.00,56.00
CFI .N.0000,CFI             ,2,:,5,"600,000","600,000",JUN-17-1992,JUN-29-1992,JUL-20-1992,27.00,24.75,20.00
CFI .N.0000,CFI             ,3,:,1,"900,000","900,000",FEB-18-1994,MAR-18-1994,APR-07-1994,48.00,50.00,20.00
CFI .N.0000,CFI             ,1,:,2,"1,500,000","50,000",MAR-16-1998,MAR-26-1998,APR-16-1998,7.75,7.00,10.00
CFI .N.0000,CFI             ,1,:,3,"1,016,666","950,000",NOV-18-2003,DEC-01-2003,DEC-22-2003,14.50,11.25,10.00
CFI .N.0000,CFI             ,1,:,4,"1,000,000","1,000,000",OCT-05-2004,OCT-15-2004,NOV-05-2004,32.50,29.50,15.00
CFLB.N.0000,FORT LAND       ,5,:,7,"5,000,000","5,000,000",JAN-29-1992,FEB-19-1992,MAR-11-1992,30.00,30.00,18.00
CFLB.N.0000,FORT LAND       ,1,:,2,"6,000,000","6,000,000",NOV-05-1993,NOV-26-1993,DEC-17-1993,33.00,26.50,12.00
CFLB.N.0000,FORT LAND       ,1,:,1,"18,000,000","18,000,000",MAR-17-1997,MAR-27-1997,APR-17-1997,7.00,7.00,7.00
CFVF.N.0000,FIRST CAPITAL   ,1,:,2,"5,000,000","5,000,000",FEB-07-1995,FEB-24-1995,MAR-17-1995,19.00,18.00,18.00
CFVF.N.0000,FIRST CAPITAL   ,5,:,4,"18,750,000","18,750,000",AUG-20-2007,AUG-17-2007,SEP-17-2007,14.00,12.75,10.00
CHL -N-0000,DURDANS,1,:,11,"1,772,727","1,772,727",12-Nov-09,11-Nov-09,2-Dec-09,99,90.2, 57.00 
CHL -X-0000,DURDANS,1,:,11,"579,545","579,545",12-Nov-09,11-Nov-09,2-Dec-09,52,47, 30.00 
CHMX.N.0000,CHEMANEX        ,1,:,3,"250,000","250,000",OCT-21-1991,NOV-11-1991,DEC-02-1991,110.00,100.00,30.00
CHMX.N.0000,CHEMANEX        ,1,:,2,"500,000","500,000",JUN-29-1992,JUL-06-1992,JUL-27-1992,65.00,61.00,30.00
CHMX.N.0000,CHEMANEX        ,1,:,3,"625,000","625,000",SEP-02-1993,SEP-23-1993,OCT-14-1993,58.00,45.75,22.00
CHMX.N.0000,CHEMANEX        ,1,:,5,"500,000","500,000",JAN-26-1995,FEB-15-1995,MAR-08-1995,95.00,95.00,70.00
CHMX.N.0000,CHEMANEX        ,1,:,5,"875,000","875,000",SEP-02-2004,SEP-14-2004,OCT-06-2004,162.50,126.50,50.00
CHOT.N.0000,HOTELS CORP.    ,50,:,1,"150,000,000","150,000,000",JAN-02-2008,DEC-31-2007,JAN-24-2008,972.75,88.50,2.00
CHOU.N.0000,CEYLINCO HOUSING,1,:,1,"1,486,650","1,486,650",OCT-19-1993,NOV-08-1993,NOV-29-1993,16.00,16.00,15.00
CHOU.N.0000,CEYLINCO HOUSING,1,:,1,"2,973,300","2,973,300",APR-26-2001,MAY-11-2001,MAY-31-2001,14.50,14.50,12.00
CHOU-N-0000,CITY HOUSIN,1,:,1,"13,379,850",0,7-Dec-09,4-Dec-09,24-Dec-09,18.5,17.2, 16.00 
CHR .N.0000,CEYLON HOLIDAY  ,11,:,1,"7,239,639","7,239,639",NOV-11-1992,DEC-02-1992,DEC-23-1992,390.00,63.00,35.00
CIC .N.0000,CIC             ,1,:,1,"8,100,000","8,100,000",MAR-17-2006,MAR-29-2006,APR-24-2006,298.75,181.25,62.00
CIC .X.0000,CIC             ,1,:,1,"2,430,000","2,430,000",MAR-17-2006,MAR-29-2006,APR-24-2006,179.75,110.50,35.00
CIND.N.0000,CENTRAL IND.    ,1,:,2,"1,097,054","1,097,054",FEB-23-1995,MAR-13-1995,APR-03-1995,116.00,105.00,90.00
CINS.N.0000,CEYLINCO INS.   ,2,:,5,"2,200,000","2,200,000",JUN-02-1993,JUN-29-1993,JUL-20-1993,26.25,25.00,25.00
CINS.N.0000,CEYLINCO INS.   ,1,:,2,"4,200,000","4,200,000",SEP-04-2000,SEP-14-2000,OCT-05-2000,31.00,22.50,15.00
CINV.N.0000,CEYLON INV.     ,1,:,4,"620,892","620,892",FEB-26-2002,MAR-11-2002,APR-01-2002,60.00,55.00,50.00
CINV.N.0000,CEYLON INV.     ,1,:,3,"1,293,525","1,293,525",JUN-19-2003,JUL-01-2003,JUL-21-2003,117.75,104.25,50.00
CINV.N.0000,CEYLON INV.     ,1,:,2,"3,018,255","3,018,225",JUL-07-2004,JUL-19-2004,AUG-09-2004,218.50,145.00,50.00
CINV.N.0000,CEYLON INV.     ,1,:,3,"4,527,338","4,527,338",MAR-23-2005,APR-05-2005,APR-29-2005,137.25,103.00,50.00
CIT .N.0000,CIT             ,2,:,5,"600,000","600,000",JUN-17-1992,JUN-29-1992,JUL-20-1992,27.25,22.50,20.00
CIT .N.0000,CIT             ,3,:,7,"900,000","900,000",FEB-18-1994,MAR-18-1994,APR-07-1994,50.00,45.00,20.00
CIT .N.0000,CIT             ,1,:,2,"1,500,000","100,000",MAR-16-1998,MAR-26-1998,APR-16-1998,7.00,7.00,10.00
CIT .N.0000,CIT             ,1,:,3,"1,033,333","1,033,333",JUL-28-2004,AUG-09-2004,AUG-30-2004,16.00,18.75,10.00
CIT .N.0000,CIT             ,1,:,3,"1,377,777","1,366,667",NOV-04-2008,NOV-03-2008,NOV-27-2008,21.00,21.25,20.00
CLPL-N-0000,CEYLON LEAT,1,:,1,12500000,12500000,26-Aug-10,25-Aug-10,15-Sep-10,233.6,138,
COCO.N.0000,COCO LANKA      ,1,:,5,"700,000","700,000",FEB-24-1995,MAR-15-1995,APR-05-1995,15.00,15.25,14.00
COCO.N.0000,COCO LANKA      ,1,:,1,"6,300,000","6,300,000",NOV-09-2007,NOV-07-2007,DEC-04-2007,19.25,18.75,18.00
COCO-N-0000,COCO LANKA,5,:,7,9000000,9000000,26-Jan-10,25-Jan-10,16-Feb-10,44.2,39.7,
COLO.N.0000,COLONIAL MTR    ,1,:,1,"8,100,000","10,505",APR-29-1996,MAY-20-1996,JUN-24-1996,13.25,14.00,15.00
COLO-N-0000,COLONIAL MT,1,:,8,1013813,1013813,30-Jun-10,29-Jun-10,19-Jul-10,99,92,
COMB.N.0000,COMMERCIAL BANK ,1,:,4,"2,500,000","2,500,000",MAR-26-1993,APR-23-1993,MAY-14-1993,212.00,191.00,110.00
COMB.N.0000,COMMERCIAL BANK ,1,:,4,"5,000,000","5,000,000",SEP-09-1996,SEP-19-1996,OCT-10-1996,109.00,105.00,80.00
COMB.N.0000,COMMERCIAL BANK ,1,:,4,"13,000,000","13,000,000",SEP-16-2003,SEP-26-2003,OCT-17-2003,195.75,185.50,140.00
COMB.N.0000,COMMERCIAL BANK ,3,:,10,"40,288,996","40,288,996",APR-05-2007,APR-04-2007,MAY-09-2007,213.75,190.00,138.00
COMB.X.0000,COMMERCIAL BANK ,1,:,4,"357,710","357,710",SEP-09-1996,SEP-19-1996,OCT-10-1996,100.00,96.00,70.00
COMB.X.0000,COMMERCIAL BANK ,1,:,4,"930,046","930,046",SEP-16-2003,SEP-26-2003,OCT-17-2003,135.00,128.00,95.00
COMB.X.0000,COMMERCIAL BANK ,3,:,10,"2,790,138","2,790,138",APR-05-2007,APR-04-2007,MAY-09-2007,112.50,94.75,65.00
COMB-N-0000,COMMERCIAL,1,:,14,"25,502,433","25,502,433",27-Jul-11,26-Jul-11,15-Aug-11,251.00,248.60,181.65
COMB-X-0000,COMMERCIAL,1,:,14,"1,745,494","1,745,494",27-Jul-11,26-Jul-11,15-Aug-11,160.00,157.30,130.13
COML.N.0000,COMM. LEASING   ,1,:,2,"4,033,335","4,033,335",JAN-20-2004,JAN-30-2004,FEB-20-2004,95.00,65.00,25.00
COML.N.0000,COMM. LEASING   ,1,:,6,"2,016,667","2,016,667",JAN-18-2006,JAN-30-2006,FEB-20-2006,157.00,135.00,60.00
COMP.N.0000,COMPAK MORISON  ,1,:,1,"4,200,000","1,393,100",AUG-09-1995,AUG-21-1995,SEP-11-1995,4.75,4.50,10.00
CONN.N.0000,AMAYA LEISURE   ,1,:,2,"9,648,751","9,648,751",JUN-30-2003,JUL-10-2003,JUL-31-2003,9.25,9.50,10.00
COXY.N.0000,CEYLON OXYGEN   ,1,:,2,"3,000,000","3,000,000",OCT-14-1996,OCT-24-1996,NOV-14-1996,55.25,58.25,60.00
CRL -N-0000,SOFTLOGIC F,1,:,3,6688205,6688205,8-Nov-10,4-Nov-10,29-Nov-10,39,38.1,
CRL -N-0000,SOFTLOGIC F,2,:,5,"10,701,129","10,701,129",1-Aug-11,29-Jul-11,18-Aug-11,51.50,49.10,50.00
CSD -N-0000,SEYLAN DEVT,1,:,1,"73,982,430","73,982,430",13-May-11,12-May-11,3-Jun-11,14.90,13.80,11.00
CSEC.N.0000,KSHATRIYA HOLD. ,2,:,5,"800,000","459,941",MAR-02-1993,MAR-17-1993,MAR-31-1993,29.00,29.00,30.00
CSEC.N.0000,KSHATRIYA HOLD. ,4,:,1,"19,679,528","19,679,528",JAN-29-2007,FEB-12-2007,MAR-06-2007,72.75,35.25,10.00
CSEC.N.0000,KSHATRIYA HOLD. ,3,:,1,"73,798,230","73,798,230",JUN-22-2007,JUN-21-2007,JUL-18-2007,25.00,15.25,10.00
CSEC-N-0000,DUNAMIS CAP,1,:,4,"24,599,410","24,599,410",25-Jan-11,24-Jan-11,14-Feb-11,15.90,14.70,10.00
CSF -N-0000,NATION LANK,1,:,1,"19,986,050",,4-Dec-09,3-Dec-09,23-Dec-09,20,16.7, 12.00 
CSF -N-0000,NATION LANK,3,:,2,"59,958,150","59,958,150",10-Mar-11,9-Mar-11,29-Mar-11,21.30,12.20,5.00
CTHR.N.0000,CEY THEATRES    ,1,:,1,"1,124,634","1,124,634",JUN-04-1997,JUN-16-1997,JUL-07-1997,340.00,200.00,67.00
CTHR-N-0000,C T HOLDING,1,:,55,"3,097,253","3,097,253",29-Apr-11,28-Apr-11,23-May-11,210.10,209.40,210.00
CTLD.N.0000,C T LAND        ,1,:,1,"12,500,000","12,500,000",MAR-31-1993,APR-29-1993,MAY-24-1993,11.00,11.00,10.00
CTLD.N.0000,C T LAND        ,3,:,10,"7,500,000","7,500,000",MAY-17-1994,JUN-14-1994,JUL-05-1994,19.00,15.00,10.00
CWM .N.0000,C.W.MACKIE      ,8,:,5,"22,146,804","22,146,804",JAN-20-1999,FEB-01-1999,FEB-22-1999,8.00,8.00,12.00
DFCC.N.0000,DFCC            ,1,:,3,"5,666,667","5,666,667",AUG-30-1993,SEP-24-1993,OCT-15-1993,329.75,300.00,180.00
DFCC.N.0000,DFCC            ,1,:,4,"21,639,134","21,639,134",APR-30-2007,APR-27-2007,MAY-28-2007,200.00,180.50,140.00
DIAL.N.0000,DIALOG          ,1,:,10,"740,343,492","740,343,492",MAY-22-2007,MAY-21-2007,JUN-13-2007,26.00,25.00,21.00
DIMO.N.0000,DIMO            ,1,:,5,"500,000","473,765",JUL-02-1992,JUL-10-1992,JUL-31-1992,140.00,139.50,75.00
DIMO.N.0000,DIMO            ,1,:,2,"3,000,000","3,000,000",JUL-25-2003,AUG-06-2003,AUG-27-2003,97.00,75.00,20.00
DIMO.N.0000,DIMO            ,1,:,10,"1,100,000","1,100,000",NOV-08-2006,NOV-20-2006,DEC-12-2006,133.00,126.50,50.00
DIPD.N.0000,DIPPED PRODUCTS ,1,:,5,"1,584,000","1,584,000",FEB-12-1996,FEB-22-1996,MAR-14-1996,98.00,92.50,60.00
DOCK.N.0000,DOCKYARD        ,134,:,100,"32,731,253","32,731,253",MAR-31-1993,MAR-31-1993,JUN-10-1993,16.50,12.25,10.00
DPL .N.0000,DANKOTUWA PORCEL,2,:,3,"18,094,296","18,094,296",APR-10-2006,APR-25-2006,MAY-17-2006,15.25,14.00,10.00
DPL .N.0000,DANKOTUWA PORCEL,1,:,1,"22,617,870","1,464,044",MAY-15-2008,MAY-14-2008,JUN-27-2008,13.50,12.00,10.00
EAST-N-0000,EAST WEST,3,:,1,"103,680,000","103,680,000",15-Mar-11,14-Mar-11,1-Apr-11,14.20,10.50,10.00
ECL .N.0000,E - CHANNELLING ,2,:,3,"6,978,938","6,978,938",SEP-09-2005,SEP-21-2005,OCT-12-2005,16.75,14.50,10.00
EDEN.N.0000,EDEN HOTEL LANKA,5,:,9,"13,333,333",0,FEB-16-1995,MAR-06-1995,MAR-27-1995,17.00,16.50,18.00
EDEN.N.0000,EDEN HOTEL LANKA,1,:,1,"24,000,000","24,000,000",NOV-16-1995,NOV-27-1995,DEC-18-1995,10.50,10.25,10.00
EDEN.N.0000,EDEN HOTEL LANKA,1,:,10,"4,800,000","4,800,000",MAR-26-2004,APR-08-2004,APR-29-2004,15.00,14.75,10.00
ELPL-N-0000,ELPITIYA,1,:,2,12479339,11474537,1-Feb-10,28-Jan-10,5-Mar-10,53.2,50,
EQIT.N.0000,EQUITY          ,11,:,2,"34,118,387","34,118,387",OCT-26-2005,NOV-09-2005,DEC-01-2005,47.75,34.75,30.00
ETWO.N.0000,EQUITY TWO PLC  ,4,:,1,"24,800,000","24,800,000",OCT-26-2005,NOV-09-2005,DEC-01-2005,20.75,16.50,14.00
GEST.N.0000,GESTETNER       ,5,:,4,"703,125","703,125",JUL-24-2001,AUG-06-2001,AUG-27-2001,45.00,45.00,25.00
GEST.N.0000,GESTETNER       ,4,:,5,"1,012,500","1,012,500",JAN-31-2005,FEB-11-2005,MAR-07-2005,37.25,35.00,20.00
GLAS.N.0000,PIRAMAL GLASS   ,1,:,2,"9,236,948","9,236,948",MAY-02-1995,MAY-19-1995,JUN-09-1995,15.00,14.00,20.00
GLAS.N.0000,PIRAMAL GLASS   ,5,:,7,"395,869,200","395,869,200",NOV-06-2007,NOV-05-2007,NOV-23-2007,2.30,2.20,1.90
GLAX.N.0000,GLAXO           ,1,:,2,"1,215,000","1,215,000",MAR-08-1995,MAR-29-1995,APR-19-1995,45.50,47.00,30.00
GRAN.N.0000,GRAIN ELEVATORS ,1,:,2,"10,000,000","10,000,000",JUN-04-1992,JUN-04-1992,JUN-26-1992,185.00,105.00,45.00
GRAN.N.0000,GRAIN ELEVATORS ,1,:,3,"15,000,000","15,000,000",NOV-15-1994,DEC-08-1994,DEC-29-1994,180.00,98.00,25.00
GREG.N.0000,ENVI. RESOURCES ,15,:,1,"16,299,450","16,299,450",FEB-17-1999,MAR-02-1999,MAR-23-1999,18.00,2.25,2.00
GREG-N-0000,ENVI. RESOU,1,:,1,"17,386,080","17,386,080",12-Feb-09,11-Feb-09,5-Mar-09,22.7,23.2, 20.00 
GREG-N-0000,ENVI. RESOU,3,:,1,"104,316,480","104,316,480",8-Jul-09,7-Jul-09,27-Jul-09,28,21.7, 20.00 
GREG-N-0000,ENVI. RESOU,1,:,2,69544320,69544320,31-Mar-10,30-Mar-10,23-Apr-10,223.5,102.5,
GUAR.N.0000,CEYLON GUARDIAN ,1,:,7,"380,453","380,453",FEB-26-2002,MAR-11-2002,APR-01-2002,115.00,115.00,80.00
GUAR.N.0000,CEYLON GUARDIAN ,1,:,5,"760,906","760,906",JUN-19-2003,JUL-01-2003,JUL-21-2003,179.00,170.00,80.00
GUAR.N.0000,CEYLON GUARDIAN ,1,:,2,"2,663,172","2,663,172",JUL-07-2004,JUL-19-2004,AUG-09-2004,404.00,277.75,80.00
GUAR.N.0000,CEYLON GUARDIAN ,1,:,3,"3,550,896","3,550,896",MAR-23-2005,APR-05-2005,APR-29-2005,228.00,199.75,80.00
HAPU.N.0000,HAPUGASTENNE    ,1,:,1,"20,000,000","20,000,000",AUG-01-2000,AUG-18-2000,SEP-08-2000,8.25,8.25,10.00
HASU-N-0000,HNB ASSURAN,1,:,7,"6,250,000","6,250,000",12-Apr-11,11-Apr-11,5-May-11,81.80,78.50,62.50
HAYL.N.0000,HAYLEYS         ,1,:,5,"2,500,000","2,500,000",FEB-11-1994,MAR-02-1994,MAR-23-1994,315.00,305.00,160.00
HAYL.N.0000,HAYLEYS         ,1,:,11,"3,000,000","3,000,000",OCT-10-2000,OCT-23-2000,NOV-13-2000,103.00,95.00,10.00
HAYL.N.0000,HAYLEYS         ,1,:,9,"4,000,000","4,000,000",JUL-20-2001,AUG-01-2001,AUG-22-2001,77.50,73.00,15.00
HAYL.N.0000,HAYLEYS         ,1,:,8,"5,000,000","5,000,000",SEP-09-2002,SEP-19-2002,OCT-10-2002,160.00,160.00,20.00
HAYL.N.0000,HAYLEYS         ,1,:,9,"5,000,000","5,000,000",AUG-29-2003,SEP-11-2003,OCT-02-2003,198.00,179.75,20.00
HAYL.N.0000,HAYLEYS         ,1,:,10,"5,000,000","5,000,000",AUG-06-2004,AUG-18-2004,SEP-08-2004,133.25,120.25,20.00
HLOG.N.0000,HABARANA LODGE  ,1,:,3,"1,800,000","1,800,000",AUG-18-1993,SEP-24-1993,OCT-15-1993,83.00,65.25,35.00
HNB .N.0000,HNB             ,2,:,5,"22,000,000","22,000,000",SEP-29-2004,OCT-11-2004,NOV-01-2004,62.50,60.00,55.00
HNB .X.0000,HNB             ,3,:,10,"15,000,000","1,199,176",OCT-13-1999,OCT-22-1999,NOV-12-1999,,65.00,70.00
HNB .X.0000,HNB             ,2,:,5,"6,600,000","6,600,000",SEP-29-2004,OCT-11-2004,NOV-01-2004,37.00,36.00,33.00
HNB -N-0000,HNB,1,:,10,"28,740,020","19,020,702",4-Jul-11,1-Jul-11,22-Jul-11,202.80,208.50,219.50
HNB -X-0000,HNB,1,:,10,"7,013,916","2,838,149",4-Jul-11,1-Jul-11,22-Jul-11,117.90,116.30,119.50
HPP .N.0000,HAYL. PHOTOPRINT,1,:,2,"1,000,000","1,000,000",AUG-13-1997,AUG-26-1997,SEP-17-1997,33.00,30.00,10.00
HPP .N.0000,HAYL. PHOTOPRINT,1,:,3,"1,000,000","1,000,000",SEP-04-2000,SEP-15-2000,OCT-06-2000,16.00,14.00,10.00
HSIG.N.0000,HOTEL SIGIRIYA  ,1,:,3,"697,500","697,500",AUG-11-1992,SEP-07-1992,SEP-28-1992,32.00,37.00,10.00
HSIG.N.0000,HOTEL SIGIRIYA  ,2,:,5,"1,116,000","1,116,000",APR-04-2000,APR-19-2000,MAY-10-2000,12.00,11.00,10.00
HSIG.N.0000,HOTEL SIGIRIYA  ,1,:,2,"1,953,000","1,953,000",SEP-13-2004,SEP-23-2004,OCT-14-2004,31.25,31.25,30.00
HUNA.N.0000,HUNAS FALLS     ,2,:,1,"2,500,000","2,500,000",NOV-30-1993,DEC-16-1993,JAN-06-1994,96.00,53.75,16.00
HUNA.N.0000,HUNAS FALLS     ,1,:,2,"1,875,000","1,875,000",JUL-19-1994,AUG-04-1994,AUG-26-1994,38.00,29.00,16.00
HUNT.N.0000,HUNTERS         ,5,:,1,"42,875,000","42,875,000",APR-28-2003,MAY-09-2003,MAY-30-2003,15.50,5.00,3.00
ITH .N.0000,INT. TOURISTS   ,1,:,4,"1,550,000","1,550,000",AUG-14-1992,SEP-07-1992,SEP-28-1992,24.00,22.00,18.00
JFIN.N.0000,FINLAYS COLOMBO ,1,:,2,"5,000,000","5,000,000",MAR-24-1997,APR-04-1997,APR-25-1997,57.75,55.00,50.00
JFIN.N.0000,FINLAYS COLOMBO ,4,:,3,"20,000,000","20,000,000",AUG-06-1998,AUG-19-1998,SEP-09-1998,67.00,66.25,60.00
JKH .N.0000,JKH             ,1,:,4,"2,500,000","2,500,000",JAN-16-1992,FEB-06-1992,FEB-27-1992,300.00,273.00,160.00
JKH .N.0000,JKH             ,1,:,6,"2,500,000","2,500,000",JAN-19-1994,FEB-14-1994,MAR-07-1994,425.00,360.00,200.00
JKH .N.0000,JKH             ,1,:,7,"37,418,676","37,418,676",NOV-07-2003,NOV-21-2003,DEC-12-2003,120.75,131.50,75.00
JKH .N.0000,JKH             ,1,:,5,"92,103,534","92,103,534",JAN-23-2007,FEB-06-2007,FEB-20-2007,222.25,202.75,140.00
KAHA.N.0000,KAHAWATTE       ,1,:,1,"24,958,677","24,958,677",FEB-11-2003,FEB-24-2003,MAR-17-2003,4.50,4.50,5.00
KAHA-N-0000,KAHAWATTE,1,:,3,19972451,19972451,21-Jun-10,18-Jun-10,9-Jul-10,39.7,33,
KAPI.N.0000,MTD WALKERS     ,3,:,7,"1,715,357","1,715,357",DEC-19-1994,JAN-09-1995,JAN-30-1995,17.00,17.25,20.00
KAPI-N-0000,MTD WALKERS,19,:,1,108639283,,13-Dec-10,10-Dec-10,31-Dec-10,448.5,91.9,
KDL .N.0000,KELSEY          ,1,:,1,"3,750,000","1,414,229",AUG-26-1996,SEP-10-1996,OCT-01-1996,4.25,6.25,10.00
KDL .N.0000,KELSEY          ,1,:,2,"2,582,115","2,582,115",SEP-21-2005,OCT-03-2005,OCT-24-2005,48.75,38.00,25.00
KDL .N.0000,KELSEY          ,1,:,2,"5,809,758","5,809,758",JAN-29-2007,FEB-12-2007,MAR-06-2007,30.25,26.75,20.00
KFP .N.0000,KEELLS FOOD     ,1,:,4,"1,000,000","1,000,000",NOV-22-1991,DEC-13-1991,JAN-03-1992,82.50,70.00,50.00
KFP -N-0000,KEELLS FOOD,7,:,10,"3,500,000","3,500,000",20-Feb-09,19-Feb-09,16-Mar-09,56,62, 50.00 
KHL .N.0000,KEELLS HOTELS   ,5,:,6,"496,413,675","496,413,675",JUN-29-2007,JUN-28-2007,JUL-24-2007,6.00,5.75,5.75
KHL -N-0000,KEELLS HOTE,1,:,3,364036695,364036695,2-Mar-10,1-Mar-10,19-Mar-10,32,26,
KINN.N.0000,KANDY WALK INN  ,1,:,4,"1,050,000","1,050,000",AUG-17-1992,AUG-31-1992,SEP-21-1992,54.25,58.00,30.00
KREA.N.0000,KOREA CEYLON    ,1,:,10,"971,980","971,890",JUN-14-1994,JUL-01-1994,JUL-21-1994,123.00,100.00,70.00
KREA.N.0000,KOREA CEYLON    ,1,:,2,"6,317,285","6,317,285",JUN-24-1997,JUL-04-1997,JUL-25-1997,15.00,14.50,10.00
KURU.N.0000,KURUWITA TEXTILE,1,:,1,"5,000,000","5,000,000",MAY-26-1998,JUN-05-1998,JUN-25-1998,13.00,7.00,29.00
KURU.N.0000,KURUWITA TEXTILE,1,:,2,"5,000,000","5,000,000",MAR-19-2004,MAR-31-2004,APR-22-2004,46.50,33.25,22.00
LCEY.N.0000,LANKEM CEYLON   ,1,:,6,"600,000","600,000",DEC-24-1992,JAN-25-1993,FEB-15-1993,28.00,29.25,30.00
LCEY.N.0000,LANKEM CEYLON   ,13,:,7,"7,800,000","7,800,000",JUL-17-1996,AUG-06-1996,AUG-27-1996,19.00,19.00,20.00
LCEY.N.0000,LANKEM CEYLON   ,1,:,6,"3,000,000","3,000,000",FEB-13-2008,FEB-12-2008,MAR-04-2008,32.75,30.50,25.00
LCEY-N-0000,LANKEM CEYL,1,:,7,3000000,3000000,27-Sep-10,24-Sep-10,14-Oct-10,223.5,214.3,
LDEV.N.0000,LANKEM DEV.     ,1,:,1,"600,000","250,562",JUL-01-1997,JUL-11-1997,AUG-01-1997,31.00,31.00,20.00
LDEV.N.0000,LANKEM DEV.     ,6,:,1,"5,103,372","3,349,438",OCT-29-2004,NOV-10-2004,DEC-01-2004,27.75,15.25,10.00
LDEV.N.0000,LANKEM DEV.     ,3,:,7,"1,800,000","1,800,000",MAR-09-2005,MAR-21-2005,APR-12-2005,37.00,35.25,15.00
LDEV-N-0000,LANKEM DEV.,1,:,2,"3,000,000","900,000",13-Nov-09,12-Nov-09,3-Dec-09,10.7,10.7, 10.00 
LDEV-N-0000,LANKEM DEV.,15,:,1,"103,500,000","53,100,000",25-Apr-11,21-Apr-11,13-May-11,78.70,32.40,25.00
LFIN.N.0000,LB FINANCE      ,1,:,2,"10,100,000","10,100,000",NOV-28-2007,NOV-27-2007,DEC-18-2007,32.25,25.00,17.00
LFIN.N.0000,LB FINANCE      ,1,:,7,"4,328,571","4,328,571",JUL-29-2008,JUL-28-2008,AUG-19-2008,22.00,19.25,17.00
LHCL.N.0000,LANKA HOSPITALS ,3,:,7,"67,119,651","67,119,651",DEC-24-2007,DEC-20-2007,JAN-18-2008,19.25,18.00,15.00
LINV.N.0000,LAKE HOUSE INV. ,1,:,2,"236,561","236,561",OCT-15-1991,NOV-04-1991,NOV-25-1991,62.50,59.50,10.00
LINV.N.0000,LAKE HOUSE INV. ,1,:,3,"354,842","354,842",MAY-19-1993,JUN-14-1993,JUL-05-1993,59.75,40.00,20.00
LINV.N.0000,LAKE HOUSE INV. ,1,:,4,"354,842","354,842",JAN-05-1998,JAN-19-1998,FEB-09-1998,21.75,21.00,10.00
LION-N-0000,LION  BREWE,3,:,5,"30,000,000","30,000,000",31-Aug-09,28-Aug-09,18-Sep-09,80,71, 40.00 
LITE.N.0000,LAXAPANA        ,2,:,1,"6,480,648","2,459,676",AUG-31-2004,SEP-10-2004,OCT-01-2004,10.00,8.50,10.00
LITE.N.0000,LAXAPANA        ,1,:,1,"5,700,000","3,300,000",MAR-22-2005,APR-04-2005,APR-28-2005,11.00,11.00,10.00
LITE.N.0000,LAXAPANA        ,2,:,1,"18,000,000","18,000,000",SEP-16-2008,SEP-15-2008,OCT-09-2008,6.75,6.00,5.00
LITE-N-0000,LAXAPANA,4,:,9,12000000,12000000,11-Nov-10,10-Nov-10,2-Dec-10,7.8,7.8,
LMF -N-0000,LMF,1,:,3,9999500,9999500,13-Aug-10,12-Aug-10,1-Sep-10,98,94.4,
LOLC.N.0000,LOLC            ,1,:,5,"1,500,000","1,500,000",FEB-08-1994,MAR-02-1994,MAR-23-1994,321.50,283.00,100.00
LPRT.N.0000,LAKE HOUSE PRIN.,1,:,4,"587,449","587,449",DEC-06-1996,DEC-18-1996,JAN-08-1997,30.25,31.50,20.00
MARA.N.0000,MARAWILA RESORTS,2,:,1,"34,666,388","32,666,806",JAN-14-2003,JAN-21-2003,FEB-11-2003,4.75,4.75,5.00
MARA.N.0000,MARAWILA RESORTS,3,:,25,"6,000,000","6,000,000",OCT-12-2004,OCT-22-2004,NOV-12-2004,9.50,9.25,10.00
MARA.N.0000,MARAWILA RESORTS,1,:,4,"14,000,000","14,000,000",AUG-08-2007,AUG-07-2007,AUG-31-2007,4.60,4.40,4.00
MARA-N-0000,MARAWILA RE,2,:,7,"20,000,000","17,000,000",4-Nov-09,3-Nov-09,23-Nov-09,7,6.2, 5.00 
MARA-N-0000,MARAWILA RE,1,:,4,"24,500,000","24,500,000",22-Feb-11,21-Feb-11,14-Mar-11,13.40,12.50,10.00
MBSL.N.0000,MERCHANT BANK   ,1,:,2,"5,000,000","5,000,000",AUG-30-1991,OCT-14-1991,NOV-04-1991,105.00,60.00,20.00
MBSL.N.0000,MERCHANT BANK   ,1,:,3,"5,000,000","5,000,000",MAR-11-1993,APR-07-1993,APR-28-1993,44.50,39.75,30.00
MBSL.N.0000,MERCHANT BANK   ,3,:,7,"12,000,000","12,000,000",MAY-05-1994,JUN-02-1994,JUN-23-1994,83.00,80.00,70.00
MBSL.N.0000,MERCHANT BANK   ,1,:,2,"30,000,000","30,000,000",OCT-05-2005,OCT-18-2005,NOV-10-2005,31.50,27.50,15.00
MBSL-N-0000,MERCHANT BA,1,:,2,"45,000,000","45,000,000",20-Nov-09,19-Nov-09,10-Dec-09,26.5,20.7, 12.00 
MIRA.N.0000,MIRAMAR         ,1,:,4,"550,000","550,000",DEC-05-2003,DEC-18-2003,JAN-08-2004,53.00,35.00,65.00
MLL .N.0000,MLL             ,1,:,1,"9,559,669","9,559,669",JUN-13-2000,JUN-27-2000,JUL-18-2000,13.50,10.50,15.00
MPAC.N.0000,METAL PACKAGING ,1,:,5,"840,000","840,000",FEB-10-1992,MAR-02-1992,MAR-23-1992,68.75,67.00,45.00
MPRH.N.0000,MET. RES. HOL.  ,1,:,5,"6,610,800","6,610,800",JAN-25-2000,FEB-07-2000,FEB-28-2000,25.00,20.00,20.00
MRH .N.0000,MAHAWELI REACH  ,1,:,3,"1,366,445","1,366,445",APR-23-1993,MAY-17-1993,JUN-14-1993,17.50,16.00,14.00
MRH .N.0000,MAHAWELI REACH  ,1,:,1,"5,465,781","5,465,781",JUL-28-1994,AUG-18-1994,SEP-08-1994,30.00,30.00,30.00
MRH .N.0000,MAHAWELI REACH  ,13,:,18,"7,895,017","7,895,017",AUG-22-1997,SEP-03-1997,SEP-24-1997,17.00,14.00,10.00
MRH .N.0000,MAHAWELI REACH  ,3,:,2,"28,239,868","28,239,868",DEC-11-2002,DEC-24-2002,JAN-14-2003,10.25,10.00,10.00
MSL .N.0000,MERC. SHIPPING  ,5,:,7,"1,038,534","1,038,534",FEB-03-1993,MAR-01-1993,MAR-16-1993,50.00,48.00,10.00
MULL.N.0000,MULLERS         ,7,:,1,"2,625,000","2,625,000",JUL-22-1993,AUG-16-1993,SEP-03-1993,11.00,11.00,10.00
MULL.N.0000,MULLERS         ,1,:,1,"3,000,000","3,000,000",MAY-02-1995,MAY-19-1995,JUN-09-1995,15.00,11.00,10.00
MULL.N.0000,MULLERS         ,9,:,1,"54,000,000","48,000,000",JUL-05-2005,JUL-15-2005,AUG-05-2005,7.25,3.00,2.00
MULL.N.0000,MULLERS         ,4,:,1,"216,000,000","87,571,714",JAN-02-2008,DEC-31-2007,JAN-21-2008,0.80,0.90,1.00
MULL-N-0000,MULLERS,1,:,1,141571714,141428286,5-Apr-10,1-Apr-10,26-Apr-10,0.9,0.9,
NEH .N.0000,NUWARA ELIYA    ,74,:,100,"74,100","74,100",MAR-26-1993,APR-22-1993,MAY-13-1993,"1,500.00","1,350.25",350.00
NEH .N.0000,NUWARA ELIYA    ,1,:,3,"464,534","464,534",OCT-16-1996,OCT-28-1996,NOV-18-1996,"2,500.00",400.00,110.00
NHL .N.0000,NAWALOKA        ,1,:,5,"120,000,000","104,752,798",JUL-04-2005,JUL-14-2005,AUG-05-2005,3.75,3.75,4.00
NTB .N.0000,NATIONS TRUST   ,7,:,10,"35,000,000","35,000,000",JUN-11-2003,JUN-23-2003,JUL-14-2003,19.00,16.50,13.00
NTB .N.0000,NATIONS TRUST   ,1,:,3,"41,928,668","41,928,668",JAN-18-2008,JAN-17-2008,FEB-08-2008,28.00,27.00,25.00
OSEA.D.0009,OVERSEAS REALTY ,2,:,3,"20,004,192","20,004,192",APR-22-1996,MAY-07-1996,MAY-28-1996,,,54.00
OSEA.N.0000,OVERSEAS REALTY ,7,:,50,"69,057,200","69,057,200",AUG-11-2006,AUG-23-2006,SEP-11-2006,16.75,17.50,15.00
OSEA-N-0000,OVERSEAS RE,1,:,2,281161453,281161453,12-Oct-10,11-Oct-10,1-Nov-10,17.2,16.2,
PABC.N.0000,PAN ASIA        ,1,:,1,"55,571,883","55,068,524",OCT-13-2006,OCT-26-2006,NOV-16-2006,15.00,12.50,10.00
PABC-N-0000,PAN ASIA,1,:,3,36880136,36880136,1-Apr-10,31-Mar-10,26-Apr-10,18.7,16.5,
PARQ.N.0000,PARQUET         ,3,:,5,"621,000","621,000",NOV-27-1992,DEC-28-1992,JAN-18-1993,60.00,46.25,30.00
PARQ.N.0000,PARQUET         ,3,:,1,"4,968,000","4,968,000",SEP-04-2003,SEP-17-2003,OCT-08-2003,12.75,10.75,10.00
PARQ.N.0000,PARQUET         ,1,:,5,"1,324,800","1,324,800",OCT-24-2007,OCT-23-2007,NOV-19-2007,12.00,11.75,10.00
PARQ-N-0000,PARQUET,3,:,2,16423200,,31-Dec-10,30-Dec-10,20-Jan-11,27.1,21.1,
PEG .N.0000,PEGASUS HOTELS  ,11,:,5,"15,670,637","15,670,637",NOV-24-2005,DEC-06-2005,DEC-29-2005,28.25,21.75,18.00
PHAR.N.0000,COL PHARMACY    ,2,:,7,"212,143","212,143",JAN-15-1993,MAR-24-1993,APR-21-1993,"1,226.00",279.50,35.00
PMB .N.0000,PEOPLE'S MERCH  ,1,:,1,"12,500,000","12,500,000",NOV-02-2006,NOV-14-2006,DEC-05-2006,32.25,27.00,20.00
PMB -N-0000,PEOPLE'S ME,1,:,2,"12,500,000",,24-Dec-09,23-Dec-09,18-Jan-10,39.2,34.7, 20.00 
PMB -N-0000,PEOPLE'S ME,4,:,5,"30,000,000","30,000,000",12-Oct-11,10-Oct-11,1-Nov-11,20.20,17.60,15.00
PTEX.N.0000,PUGODA TEXTILES ,1,:,2,"5,000,000","5,000,000",JUN-27-1994,JUL-18-1994,AUG-08-1994,23.00,28.50,20.00
PURE.N.0000,COCA-COLA       ,1,:,5,"1,260,457","1,260,457",MAR-30-1992,APR-07-1992,APR-28-1992,135.00,125.00,60.00
PURE.N.0000,COCA-COLA       ,3,:,1,"56,720,550","56,720,550",DEC-12-1995,JAN-02-1996,JAN-23-1996,28.00,27.50,18.00
RCL .N.0000,ROYAL CERAMIC   ,1,:,10,"2,543,374","2,543,374",NOV-23-1994,DEC-09-1994,DEC-30-1994,60.00,56.50,60.00
RCL .N.0000,ROYAL CERAMIC   ,4,:,5,"24,619,863","24,619,863",DEC-18-2001,JAN-07-2002,JAN-29-2002,27.50,17.00,10.00
REEF.N.0000,REEFCOMBER      ,1,:,5,"1,474,748","1,474,748",OCT-27-1999,NOV-08-1999,NOV-29-1999,10.00,6.00,10.00
REEF.N.0000,REEFCOMBER      ,1,:,3,"2,949,497","2,949,497",NOV-08-2004,NOV-19-2004,DEC-13-2004,16.00,13.25,10.00
REEF.N.0000,REEFCOMBER      ,1,:,3,"3,932,663","3,932,663",MAR-10-2005,MAR-22-2005,APR-15-2005,15.25,13.50,10.00
REEF-N-0000,CITRUS LEIS,2,:,1,31461302,31461302,9-Nov-10,2-Nov-10,30-Nov-10,20,71.2,
REG .N.0000,REGNIS          ,1,:,2,"1,000,000","716,360",NOV-11-1996,NOV-25-1996,DEC-16-1996,24.00,24.00,22.00
REG .N.0000,REGNIS          ,1,:,3,"1,207,271","1,207,271",JAN-05-2006,JAN-20-2006,FEB-09-2006,63.25,58.00,50.00
RENU.N.0000,RENUKA CITY HOT.,1,:,4,"1,000,000","1,000,000",FEB-18-1994,MAR-17-1994,APR-07-1994,78.50,78.00,20.00
RGEM.N.0000,RADIANT GEMS    ,1,:,7,"300,000","300,000",AUG-30-1991,AUG-30-1991,AUG-30-1991,18.00,14.00,10.00
RHL -N-0000,RENUKA HOLD,1,:,6,"1,250,000","1,250,000",24-Sep-09,23-Sep-09,13-Oct-09,85,70.7, 15.00 
RHL -N-0000,RENUKA HOLD,1,:,6,"1,250,000","1,250,000",24-Sep-09,23-Sep-09,13-Oct-09,,, 25.00 
RHTL.N.0000,FORTRESS RESORTS,3,:,2,"12,442,350","12,442,350",FEB-27-2004,DEC-18-2003,JAN-08-2004,8.00,8.00,10.00
RHTL.N.0000,FORTRESS RESORTS,1,:,2,"10,368,625","10,368,625",OCT-14-2004,OCT-26-2004,NOV-18-2004,16.50,16.00,10.00
RHTL.N.0000,FORTRESS RESORTS,2,:,3,"20,737,250","20,737,250",MAR-16-2005,MAR-29-2005,APR-21-2005,15.00,14.00,10.00
RHTL.N.0000,FORTRESS RESORTS,3,:,4,"38,882,344","38,882,344",MAY-09-2006,MAY-23-2006,JUN-12-2006,14.00,13.00,10.00
RHTL.N.0000,FORTRESS RESORTS,2,:,9,"20,161,215","20,161,215",FEB-14-2007,FEB-27-2007,MAR-19-2007,10.00,10.00,10.00
RICH.N.0000,RICHARD PIERIS  ,1,:,3,"2,086,602","2,086,602",JAN-27-1993,FEB-17-1993,MAR-10-1993,81.00,81.00,85.00
RICH.N.0000,RICHARD PIERIS  ,1,:,4,"2,086,602","2,086,602",MAR-23-1994,APR-15-1994,MAY-06-1994,232.00,180.00,145.00
RICH.N.0000,RICHARD PIERIS  ,1,:,6,"2,488,872","2,488,872",MAR-18-1998,MAR-27-1998,APR-20-1998,117.00,115.00,90.00
RPBH.N.0000,ROYAL PALMS     ,1,:,4,"10,000,000","10,000,000",JUN-08-2001,JUN-20-2001,JUL-10-2001,9.00,9.00,8.00
SAMP.N.0000,SAMPATH         ,1,:,3,"17,221,907","17,221,907",DEC-08-2004,DEC-20-2004,JAN-17-2005,72.00,69.00,60.00
SAMS.N.0000,SAMUELS         ,2,:,3,"1,840,680","1,840,680",DEC-09-1991,DEC-30-1991,JAN-27-1992,44.00,30.00,15.00
SAMS.N.0000,SAMUELS         ,1,:,2,"2,300,850",185,APR-04-1997,APR-25-1997,MAY-16-1997,23.50,22.50,41.00
SEMB.N.0000,SEYLAN MERCHANT ,2,:,1,"30,000,000","18,377,340",MAY-07-1998,MAY-21-1998,JUN-11-1998,4.00,4.00,10.00
SEMB.N.0000,SEYLAN MERCHANT ,1,:,3,"11,125,780","11,125,780",JUN-09-2005,JUN-22-2005,JUL-12-2005,12.00,11.75,11.00
SEMB-N-0000,S M B LEASI,6,:,7,381455314,381455314,8-Oct-10,7-Oct-10,28-Oct-10,1.8,1.4,
SEMB-X-0000,S M B LEASI,23,:,5,460000000,362623134,8-Oct-10,7-Oct-10,28-Oct-10,1.8,1.3,
SEYB.N.0000,SEYLAN BANK     ,1,:,5,"4,000,000","4,000,000",JUL-20-1993,AUG-09-1993,AUG-30-1993,59.00,44.00,25.00
SEYB.N.0000,SEYLAN BANK     ,1,:,5,"6,000,000","6,000,000",JUL-04-1995,JUL-14-1995,AUG-04-1995,44.75,42.00,35.00
SEYB.X.0000,SEYLAN BANK     ,1,:,1,"83,560,000","83,560,000",APR-19-2006,MAY-02-2006,MAY-24-2006,13.50,13.00,12.50
SEYB-N-0000,SEYLAN BANK,1,:,3,"43,333,333","43,333,333",10-May-11,9-May-11,1-Jun-11,74.50,72.50,75.00
SEYB-X-0000,SEYLAN BANK,1,:,3,"41,186,666","41,186,666",10-May-11,9-May-11,1-Jun-11,35.10,35.10,35.00
SIGV.N.0000,SIGIRIYA VILLAGE,1,:,2,"773,100","773,100",FEB-02-1994,FEB-28-1994,MAR-21-1994,108.00,120.00,50.00
SIGV.N.0000,SIGIRIYA VILLAGE,1,:,2,"1,159,650","1,159,649",JUN-28-2004,JUL-09-2004,JUL-30-2004,70.00,55.00,45.00
SIGV-N-0000,SIGIRIYA VI,1,:,1,"3,478,950","3,421,050",25-Mar-09,24-Mar-09,23-Apr-09,25,23, 20.00 
SIGV-N-0000,SIGIRIYA VI,7,:,23,2100000,2100000,11-Oct-10,8-Oct-10,29-Oct-10,130.9,125.5,
SIL .N.0000,SAMSON INTERNAT.,1,:,5,"499,737","499,737",APR-05-1994,MAY-03-1994,MAY-24-1994,220.00,165.00,75.00
SIL .N.0000,SAMSON INTERNAT.,1,:,6,"549,711","549,711",NOV-08-2005,NOV-21-2005,DEC-12-2005,80.25,70.50,46.00
SINN.N.0000,CEY.STRAT. HOLD ,3,:,1,"3,452,679","3,452,679",DEC-29-1998,JAN-11-1999,FEB-01-1999,9.75,9.75,10.00
SINS.N.0000,SINGER SRI LANKA,1,:,8,"1,449,375","1,449,375",JUN-15-1993,JUL-06-1993,JUL-27-1993,67.00,66.00,40.00
SINS.N.0000,SINGER SRI LANKA,1,:,9,"2,125,750","1,855,766",NOV-04-1996,NOV-18-1996,DEC-09-1996,51.50,51.00,50.00
SMLL.N.0000,S M LEASING     ,1,:,2,"5,047,475","5,047,475",APR-05-2006,APR-20-2006,MAY-15-2006,48.50,29.75,18.00
SMLL.N.0000,S M LEASING     ,1,:,5,"3,028,485","3,028,485",OCT-17-2006,OCT-30-2006,NOV-08-2006,23.25,21.75,20.00
SMLL-N-0000,PEOPLE'S L,1,:,1,22713639,22713639,17-Sep-10,16-Sep-10,4-Oct-10,167.2,105.7,
SMOT.N.0000,SATHOSA MOTORS  ,1,:,6,"250,000","250,000",MAY-30-1994,MAY-30-1994,JUN-06-1994,130.00,130.00,125.00
SMOT.N.0000,SATHOSA MOTORS  ,1,:,1,"1,750,007","1,266,804",OCT-14-1996,OCT-29-1996,NOV-19-1996,67.00,60.00,55.00
SHOT-N-0000,SERENDIB HO,1,:,4,"15,102,948","15,102,948",6-May-11,5-May-11,27-May-11,171.80,32.40,24.50
SHOT-X-0000,SERENDIB HO,1,:,4,"7,202,211","7,202,211",6-May-11,5-May-11,27-May-11,125.70,22.10,18.25
SING-N-0000,SINGALANKA,3,:,1,"4,155,621","4,155,621",12-Aug-11,11-Aug-11,1-Sep-11,"1,441.70",544.80,55.00
SMLL-N-0000,PEOPLE'S FI,1,:,2,"22,713,639","22,713,639",26-Apr-11,25-Apr-11,16-May-11,82.00,54.10,25.00
SOY .N.0000,CONVENIENCE FOOD,2,:,9,"500,000","500,000",MAR-29-1993,MAR-26-1993,JUN-08-1993,34.00,33.75,20.00
SPEN.N.0000,AITKEN SPENCE   ,1,:,4,"1,785,146","1,785,146",JUN-02-1993,JUN-25-1993,JUL-16-1993,277.00,255.00,150.00
SPEN.N.0000,AITKEN SPENCE   ,1,:,4,"2,231,432","2,231,432",APR-19-1994,MAY-06-1994,MAY-27-1994,515.75,400.00,325.00
STAF.N.0000,STAFFORD        ,2,:,1,"16,864,788","16,864,788",NOV-18-1994,DEC-02-1994,DEC-23-1994,21.00,14.00,10.00
STAF.N.0000,STAFFORD        ,1,:,4,"6,324,295","6,324,295",JUL-16-2004,JUL-30-2004,AUG-20-2004,12.00,11.25,10.00
SUN .N.0000,SUNSHINE HOLDING,19,:,1,"2,850,000","2,850,000",AUG-28-2000,SEP-07-2000,SEP-28-2000,10.50,10.00,10.00
SUN .N.0000,SUNSHINE HOLDING,7,:,3,"7,000,000","7,000,000",FEB-27-2003,MAR-10-2003,MAR-31-2003,18.00,22.75,20.00
TANG.N.0000,TANGERINE       ,17,:,100,"730,000","730,000",MAR-24-1995,APR-20-1995,MAY-11-1995,134.00,120.00,20.00
TANG.N.0000,TANGERINE       ,1,:,4,"1,250,000","1,250,000",JAN-08-1998,JAN-22-1998,FEB-12-1998,50.00,45.00,20.00
TANG.N.0000,TANGERINE       ,1,:,3,"2,500,000","2,500,000",NOV-13-2003,NOV-25-2003,DEC-16-2003,70.00,61.75,20.00
TESS.N.0000,TESS AGRO       ,2,:,5,"3,800,000","3,800,000",DEC-05-2003,DEC-18-2003,JAN-08-2004,9.00,10.25,12.50
TESS.N.0000,TESS AGRO       ,2,:,5,"53,200,000","30,636,364",MAY-31-2005,JUN-10-2005,JUN-30-2005,2.25,2.00,1.50
TFC .N.0000,THE FINANCE CO. ,4,:,5,"7,984,992","7,984,992",MAY-23-2002,JUN-06-2002,JUN-27-2002,20.00,18.25,12.50
TILE.N.0000,LANKA TILES     ,3,:,4,"5,436,920","5,436,920",NOV-30-1992,DEC-29-1992,JAN-19-1993,60.00,60.00,30.00
TILE.N.0000,LANKA TILES     ,1,:,5,"5,052,420","5,052,420",MAR-02-2007,MAR-01-2007,MAR-29-2007,79.25,74.00,35.00
TKYO.N.0000,TOKYO CEMENT    ,1,:,2,"5,000,000","5,000,000",JUN-19-1997,JUL-07-1997,JUL-28-1997,74.50,68.00,50.00
TWOD-N-0000,TOUCHWOOD,1,:,1,8908800,8908800,17-May-10,14-May-10,14-Jun-10,128.5,87,
UAL .N.0000,UNION ASSURANCE ,1,:,3,"3,333,333","3,333,333",JAN-13-1995,FEB-08-1995,MAR-01-1995,80.00,70.00,50.00
UDPL.N.0000,UDAPUSSELLAWA   ,4,:,5,"7,600,000","7,600,000",AUG-01-2000,AUG-18-2000,SEP-08-2000,12.00,12.25,12.50
VANI.N.0000,VANIK INCORP LTD,1,:,4,"8,500,000","8,500,000",DEC-29-1994,JAN-18-1995,FEB-08-1995,64.00,58.00,40.00
VLL .N.0000,VIDULLANKA      ,1,:,10,"2,981,250","2,981,250",APR-20-2006,MAY-03-2006,MAY-26-2006,25.00,24.50,20.00
VLL -N-0000,VIDULLANKA,1,:,7,54109700,54109700,29-Oct-10,28-Oct-10,22-Nov-10,7.7,7.1,
WAPO.N.0000,WATAPOTA        ,3,:,1,"314,535","314,535",DEC-18-2001,JAN-03-2002,JAN-24-2002,,15.00,30.00
WAPO-N-0000,GUARDIAN CA,75,:,2,"25,162,800","25,162,800",21-Feb-11,18-Feb-11,9-Mar-11,"9,100.00",383.70,20.00
WMM .N.0000,W.M.MENDIS      ,1,:,5,"1,087,010","469,957",MAR-12-1993,MAR-26-1993,APR-15-1993,35.00,35.00,45.00
WMM .N.0000,W.M.MENDIS      ,4,:,9,"3,061,856","1,514,435",DEC-8-1993,12-Jan-94,2-Feb-94, - , - ,30.00
WMM .N.0000,W.M.MENDIS      ,4,:,9,"3,061,856","1,514,435",DEC-15-1993,JAN-12-1994,FEB-02-1994,40.00,39.00,30.00
YORK.N.0000,YORK ARCADE     ,1,:,9,"1,200,000","1,200,000",AUG-06-1992,SEP-02-1992,SEP-23-1992,11.75,11.00,12.00
